Path,URL,Size in bytes (optional but recommended),MD5 Hash (optional but recommended),Filter Terms (optional),Overwrite (optional),Comments (optional)
docs/Intellivision/Manuals/ABPA Backgammon.pdf,https://archive.org/download/mister-manuals/1979_Mattel%20Intellivision.zip/1979_Mattel%20Intellivision%2FABPA%20Backgammon.pdf,2303218,7cd45731a6250b9ca7c16f942b6cf1c9,,,ABPA Backgammon.pdf
docs/Intellivision/Manuals/Advanced Dungeons & Dragons - Cloudy Mountain.pdf,https://archive.org/download/mister-manuals/1979_Mattel%20Intellivision.zip/1979_Mattel%20Intellivision%2FAdvanced%20Dungeons%20%26%20Dragons%20-%20Cloudy%20Mountain.pdf,1863235,242f255363594a53af810d389eb85063,,,Advanced Dungeons & Dragons - Cloudy Mountain.pdf
docs/Intellivision/Manuals/Advanced Dungeons & Dragons - Treasure of Tarmin.pdf,https://archive.org/download/mister-manuals/1979_Mattel%20Intellivision.zip/1979_Mattel%20Intellivision%2FAdvanced%20Dungeons%20%26%20Dragons%20-%20Treasure%20of%20Tarmin.pdf,2971133,4e94805bb2f19ba16a2a787e0c95c912,,,Advanced Dungeons & Dragons - Treasure of Tarmin.pdf
docs/Intellivision/Manuals/Adventures of Tron.pdf,https://archive.org/download/mister-manuals/1979_Mattel%20Intellivision.zip/1979_Mattel%20Intellivision%2FAdventures%20of%20Tron.pdf,54125,30a3dbeeec2904e63d1e353f50e38c6f,,,Adventures of Tron.pdf
docs/Intellivision/Manuals/Air Strike.pdf,https://archive.org/download/mister-manuals/1979_Mattel%20Intellivision.zip/1979_Mattel%20Intellivision%2FAir%20Strike.pdf,7028,0073249cc2d599d136459ec837ed16f6,,,Air Strike.pdf
docs/Intellivision/Manuals/Armor Battle.pdf,https://archive.org/download/mister-manuals/1979_Mattel%20Intellivision.zip/1979_Mattel%20Intellivision%2FArmor%20Battle.pdf,654159,eb09a602abb3e6b4332e71ee9de54642,,,Armor Battle.pdf
docs/Intellivision/Manuals/Astrosmash.pdf,https://archive.org/download/mister-manuals/1979_Mattel%20Intellivision.zip/1979_Mattel%20Intellivision%2FAstrosmash.pdf,1628847,0678d61ca6ded7f4135ee809eab7a6b7,,,Astrosmash.pdf
docs/Intellivision/Manuals/Atlantis.pdf,https://archive.org/download/mister-manuals/1979_Mattel%20Intellivision.zip/1979_Mattel%20Intellivision%2FAtlantis.pdf,1235570,fd9e553e2693c7dd648d1344c5637e5b,,,Atlantis.pdf
docs/Intellivision/Manuals/Auto Racing.pdf,https://archive.org/download/mister-manuals/1979_Mattel%20Intellivision.zip/1979_Mattel%20Intellivision%2FAuto%20Racing.pdf,742897,06c9685878da4433e3657449f287d9fe,,,Auto Racing.pdf
docs/Intellivision/Manuals/B-17 Bomber.pdf,https://archive.org/download/mister-manuals/1979_Mattel%20Intellivision.zip/1979_Mattel%20Intellivision%2FB-17%20Bomber.pdf,915568,b90cbfedbd8f25cc2ccca970b9a31091,,,B-17 Bomber.pdf
docs/Intellivision/Manuals/Beamrider.pdf,https://archive.org/download/mister-manuals/1979_Mattel%20Intellivision.zip/1979_Mattel%20Intellivision%2FBeamrider.pdf,1010509,3b74f3498384d0901c528983ee9094b2,,,Beamrider.pdf
docs/Intellivision/Manuals/Beauty and the Beast.pdf,https://archive.org/download/mister-manuals/1979_Mattel%20Intellivision.zip/1979_Mattel%20Intellivision%2FBeauty%20and%20the%20Beast.pdf,2282384,9307d324e89e118f5854581562ded8a5,,,Beauty and the Beast.pdf
docs/Intellivision/Manuals/Blockade Runner.pdf,https://archive.org/download/mister-manuals/1979_Mattel%20Intellivision.zip/1979_Mattel%20Intellivision%2FBlockade%20Runner.pdf,1276841,21a43f49158e170376f4e5cd9b2b0f73,,,Blockade Runner.pdf
docs/Intellivision/Manuals/Body Slam! Super Pro Wrestling.pdf,https://archive.org/download/mister-manuals/1979_Mattel%20Intellivision.zip/1979_Mattel%20Intellivision%2FBody%20Slam%21%20Super%20Pro%20Wrestling.pdf,322054,bc9c2784426c147f735f84e14ffe0b1a,,,Body Slam! Super Pro Wrestling.pdf
docs/Intellivision/Manuals/Bomb Squad.pdf,https://archive.org/download/mister-manuals/1979_Mattel%20Intellivision.zip/1979_Mattel%20Intellivision%2FBomb%20Squad.pdf,2521871,4c94a6c7030c2dbf9623fd24bb357fad,,,Bomb Squad.pdf
docs/Intellivision/Manuals/Boxing.pdf,https://archive.org/download/mister-manuals/1979_Mattel%20Intellivision.zip/1979_Mattel%20Intellivision%2FBoxing.pdf,2485127,f576688f143f8bdfcf21f74e41db5f91,,,Boxing.pdf
docs/Intellivision/Manuals/Brickout!.pdf,https://archive.org/download/mister-manuals/1979_Mattel%20Intellivision.zip/1979_Mattel%20Intellivision%2FBrickout%21.pdf,40410,c03db7637c0c8340515fe48e93a7260c,,,Brickout!.pdf
docs/Intellivision/Manuals/Bump 'n' Jump.pdf,https://archive.org/download/mister-manuals/1979_Mattel%20Intellivision.zip/1979_Mattel%20Intellivision%2FBump%20_n_%20Jump.pdf,843202,9bc8d55bc414e5bd1c2fc329a53dfc9a,,,Bump _n_ Jump.pdf
docs/Intellivision/Manuals/BurgerTime.pdf,https://archive.org/download/mister-manuals/1979_Mattel%20Intellivision.zip/1979_Mattel%20Intellivision%2FBurgerTime.pdf,808026,aa0dcf9c7dd13096770d41e3083c649f,,,BurgerTime.pdf
docs/Intellivision/Manuals/Buzz Bombers.pdf,https://archive.org/download/mister-manuals/1979_Mattel%20Intellivision.zip/1979_Mattel%20Intellivision%2FBuzz%20Bombers.pdf,1214524,624b828c6bd2cff67cf8cc5ae18a3a23,,,Buzz Bombers.pdf
docs/Intellivision/Manuals/Carnival.pdf,https://archive.org/download/mister-manuals/1979_Mattel%20Intellivision.zip/1979_Mattel%20Intellivision%2FCarnival.pdf,840088,24e4e349d3634b48d6dc2b1eab5e1019,,,Carnival.pdf
docs/Intellivision/Manuals/Centipede.pdf,https://archive.org/download/mister-manuals/1979_Mattel%20Intellivision.zip/1979_Mattel%20Intellivision%2FCentipede.pdf,1567354,a34140130e97587880ab0b906a1af5ba,,,Centipede.pdf
docs/Intellivision/Manuals/Championship Tennis.pdf,https://archive.org/download/mister-manuals/1979_Mattel%20Intellivision.zip/1979_Mattel%20Intellivision%2FChampionship%20Tennis.pdf,158664,b80c9a965b38039e2b7df2e8d7181aed,,,Championship Tennis.pdf
docs/Intellivision/Manuals/Checkers.pdf,https://archive.org/download/mister-manuals/1979_Mattel%20Intellivision.zip/1979_Mattel%20Intellivision%2FCheckers.pdf,786342,1b5c1812d5e1fbf6b1b1735144985b92,,,Checkers.pdf
docs/Intellivision/Manuals/Chip Shot! Super Pro Golf.pdf,https://archive.org/download/mister-manuals/1979_Mattel%20Intellivision.zip/1979_Mattel%20Intellivision%2FChip%20Shot%21%20Super%20Pro%20Golf.pdf,313112,1555d81eb4a2335da38de133bd32ea2c,,,Chip Shot! Super Pro Golf.pdf
docs/Intellivision/Manuals/Commando.pdf,https://archive.org/download/mister-manuals/1979_Mattel%20Intellivision.zip/1979_Mattel%20Intellivision%2FCommando.pdf,69497,7913b248170a7f7301cc9cae989f0a26,,,Commando.pdf
docs/Intellivision/Manuals/Congo Bongo.pdf,https://archive.org/download/mister-manuals/1979_Mattel%20Intellivision.zip/1979_Mattel%20Intellivision%2FCongo%20Bongo.pdf,1121783,835d379db2630eb75e6eabb7efa5d3df,,,Congo Bongo.pdf
docs/Intellivision/Manuals/Deep Pockets! Super Pro Pool & Billiards.pdf,https://archive.org/download/mister-manuals/1979_Mattel%20Intellivision.zip/1979_Mattel%20Intellivision%2FDeep%20Pockets%21%20Super%20Pro%20Pool%20%26%20Billiards.pdf,65718,ffefa7d772c6012e554aec9e8c2697ac,,,Deep Pockets! Super Pro Pool & Billiards.pdf
docs/Intellivision/Manuals/Defender.pdf,https://archive.org/download/mister-manuals/1979_Mattel%20Intellivision.zip/1979_Mattel%20Intellivision%2FDefender.pdf,1459758,cc852973f3ce8a503838a3e94c915e93,,,Defender.pdf
docs/Intellivision/Manuals/Demon Attack.pdf,https://archive.org/download/mister-manuals/1979_Mattel%20Intellivision.zip/1979_Mattel%20Intellivision%2FDemon%20Attack.pdf,2114788,70d6ddf21cde8bb5579f43a1dacedb09,,,Demon Attack.pdf
docs/Intellivision/Manuals/Dig Dug.pdf,https://archive.org/download/mister-manuals/1979_Mattel%20Intellivision.zip/1979_Mattel%20Intellivision%2FDig%20Dug.pdf,67062,7147c60892523941a64052f59e7f6d7f,,,Dig Dug.pdf
docs/Intellivision/Manuals/Diner.pdf,https://archive.org/download/mister-manuals/1979_Mattel%20Intellivision.zip/1979_Mattel%20Intellivision%2FDiner.pdf,883863,c713981a69599d3166ce9ee2a7efc604,,,Diner.pdf
docs/Intellivision/Manuals/Donkey Kong Jr..pdf,https://archive.org/download/mister-manuals/1979_Mattel%20Intellivision.zip/1979_Mattel%20Intellivision%2FDonkey%20Kong%20Jr..pdf,1301475,4de874b8b7376cc8a2f9ce6cc5e8852e,,,Donkey Kong Jr..pdf
docs/Intellivision/Manuals/Donkey Kong.pdf,https://archive.org/download/mister-manuals/1979_Mattel%20Intellivision.zip/1979_Mattel%20Intellivision%2FDonkey%20Kong.pdf,919317,d179e290eb427ca4bd0d3694844f184d,,,Donkey Kong.pdf
docs/Intellivision/Manuals/Dracula.pdf,https://archive.org/download/mister-manuals/1979_Mattel%20Intellivision.zip/1979_Mattel%20Intellivision%2FDracula.pdf,2563600,96d11b4726c9b1eeed69805a4d9e78b3,,,Dracula.pdf
docs/Intellivision/Manuals/Dragonfire.pdf,https://archive.org/download/mister-manuals/1979_Mattel%20Intellivision.zip/1979_Mattel%20Intellivision%2FDragonfire.pdf,2819553,ffac01209fa577cad45d1bb6aa8fb933,,,Dragonfire.pdf
"docs/Intellivision/Manuals/Dreadnaught Factor, The.pdf",https://archive.org/download/mister-manuals/1979_Mattel%20Intellivision.zip/1979_Mattel%20Intellivision%2FDreadnaught%20Factor%2C%20The.pdf,1132551,0c84175798954c353f3375ebd92a3ef5,,,"Dreadnaught Factor, The.pdf"
docs/Intellivision/Manuals/Electric Company - Math Fun.pdf,https://archive.org/download/mister-manuals/1979_Mattel%20Intellivision.zip/1979_Mattel%20Intellivision%2FElectric%20Company%20-%20Math%20Fun.pdf,1754121,dc14f9cf9c9116a1ed9c09c7ab3527d9,,,Electric Company - Math Fun.pdf
docs/Intellivision/Manuals/Electric Company - Word Fun.pdf,https://archive.org/download/mister-manuals/1979_Mattel%20Intellivision.zip/1979_Mattel%20Intellivision%2FElectric%20Company%20-%20Word%20Fun.pdf,2207461,18309aa94b769def94865e1dcf0559ce,,,Electric Company - Word Fun.pdf
docs/Intellivision/Manuals/Fathom.pdf,https://archive.org/download/mister-manuals/1979_Mattel%20Intellivision.zip/1979_Mattel%20Intellivision%2FFathom.pdf,1822629,04b495aa3ad1a15590027f772c07f5e5,,,Fathom.pdf
"docs/Intellivision/Manuals/Flintstones' Keyboard Fun, The.pdf",https://archive.org/download/mister-manuals/1979_Mattel%20Intellivision.zip/1979_Mattel%20Intellivision%2FFlintstones_%20Keyboard%20Fun%2C%20The.pdf,49714,870f1db68d962a450cdac0f1574919f0,,,"Flintstones_ Keyboard Fun, The.pdf"
docs/Intellivision/Manuals/Frog Bog.pdf,https://archive.org/download/mister-manuals/1979_Mattel%20Intellivision.zip/1979_Mattel%20Intellivision%2FFrog%20Bog.pdf,1299325,2071a7a338bd6eca4888aa81fe7b75ea,,,Frog Bog.pdf
docs/Intellivision/Manuals/Frogger.pdf,https://archive.org/download/mister-manuals/1979_Mattel%20Intellivision.zip/1979_Mattel%20Intellivision%2FFrogger.pdf,749063,85116ab794aa3fdcb468992363c0d015,,,Frogger.pdf
docs/Intellivision/Manuals/Game Factory.pdf,https://archive.org/download/mister-manuals/1979_Mattel%20Intellivision.zip/1979_Mattel%20Intellivision%2FGame%20Factory.pdf,25574,802aa2b65da46bff050bc818168e07aa,,,Game Factory.pdf
docs/Intellivision/Manuals/Happy Trails.pdf,https://archive.org/download/mister-manuals/1979_Mattel%20Intellivision.zip/1979_Mattel%20Intellivision%2FHappy%20Trails.pdf,1076395,d0087d1eccf52fced625f4a57ee38fd9,,,Happy Trails.pdf
docs/Intellivision/Manuals/Horse Racing.pdf,https://archive.org/download/mister-manuals/1979_Mattel%20Intellivision.zip/1979_Mattel%20Intellivision%2FHorse%20Racing.pdf,796051,6b6a97b0fedfea66d96666cc41d6062e,,,Horse Racing.pdf
docs/Intellivision/Manuals/Hover Force.pdf,https://archive.org/download/mister-manuals/1979_Mattel%20Intellivision.zip/1979_Mattel%20Intellivision%2FHover%20Force.pdf,1204768,57d80087f45aae4367bb6b4467871f1f,,,Hover Force.pdf
docs/Intellivision/Manuals/Hypnotic Lights.pdf,https://archive.org/download/mister-manuals/1979_Mattel%20Intellivision.zip/1979_Mattel%20Intellivision%2FHypnotic%20Lights.pdf,6650,78fc8ec26ccfa30d318fdbc87896e8c9,,,Hypnotic Lights.pdf
docs/Intellivision/Manuals/Ice Trek.pdf,https://archive.org/download/mister-manuals/1979_Mattel%20Intellivision.zip/1979_Mattel%20Intellivision%2FIce%20Trek.pdf,2050671,c8d58f8697e8b26937656f3fd2f2144c,,,Ice Trek.pdf
docs/Intellivision/Manuals/Illusions.pdf,https://archive.org/download/mister-manuals/1979_Mattel%20Intellivision.zip/1979_Mattel%20Intellivision%2FIllusions.pdf,40094,618dfa578afa6c2987f762cee9892787,,,Illusions.pdf
"docs/Intellivision/Manuals/Jetsons, The - Ways with Words.pdf",https://archive.org/download/mister-manuals/1979_Mattel%20Intellivision.zip/1979_Mattel%20Intellivision%2FJetsons%2C%20The%20-%20Ways%20with%20Words.pdf,120157,85c5296502e65d72020053e1fd1d54aa,,,"Jetsons, The - Ways with Words.pdf"
docs/Intellivision/Manuals/King of the Mountain.pdf,https://archive.org/download/mister-manuals/1979_Mattel%20Intellivision.zip/1979_Mattel%20Intellivision%2FKing%20of%20the%20Mountain.pdf,63367,b0d31e167ea9b6ee67a68de3af2ae2b6,,,King of the Mountain.pdf
docs/Intellivision/Manuals/Kool-Aid Man.pdf,https://archive.org/download/mister-manuals/1979_Mattel%20Intellivision.zip/1979_Mattel%20Intellivision%2FKool-Aid%20Man.pdf,1583164,36b0ff28f047a1919d99f4ae35bfd909,,,Kool-Aid Man.pdf
docs/Intellivision/Manuals/Lady Bug.pdf,https://archive.org/download/mister-manuals/1979_Mattel%20Intellivision.zip/1979_Mattel%20Intellivision%2FLady%20Bug.pdf,1167064,00303f643ff9ff41e6a5ae828ab5da51,,,Lady Bug.pdf
docs/Intellivision/Manuals/Land Battle.pdf,https://archive.org/download/mister-manuals/1979_Mattel%20Intellivision.zip/1979_Mattel%20Intellivision%2FLand%20Battle.pdf,16756,85567998777957899a9f6e83316bb74a,,,Land Battle.pdf
docs/Intellivision/Manuals/Las Vegas Poker & Blackjack.pdf,https://archive.org/download/mister-manuals/1979_Mattel%20Intellivision.zip/1979_Mattel%20Intellivision%2FLas%20Vegas%20Poker%20%26%20Blackjack.pdf,2819087,55f4b0159d474a6e7d411727f8fdc99e,,,Las Vegas Poker & Blackjack.pdf
docs/Intellivision/Manuals/Las Vegas Roulette.pdf,https://archive.org/download/mister-manuals/1979_Mattel%20Intellivision.zip/1979_Mattel%20Intellivision%2FLas%20Vegas%20Roulette.pdf,1732934,3e545194445710cdb2f83a66cd07bd70,,,Las Vegas Roulette.pdf
docs/Intellivision/Manuals/League of Light.pdf,https://archive.org/download/mister-manuals/1979_Mattel%20Intellivision.zip/1979_Mattel%20Intellivision%2FLeague%20of%20Light.pdf,54950,e94c6c2c8e4139f5d1c6c994c16dc7bb,,,League of Light.pdf
docs/Intellivision/Manuals/Learning Fun I - Math Master Factor Fun.pdf,https://archive.org/download/mister-manuals/1979_Mattel%20Intellivision.zip/1979_Mattel%20Intellivision%2FLearning%20Fun%20I%20-%20Math%20Master%20Factor%20Fun.pdf,186495,dedfe88875ef6150b52a48a868f00b21,,,Learning Fun I - Math Master Factor Fun.pdf
docs/Intellivision/Manuals/Learning Fun II - Word Wizard Memory Fun.pdf,https://archive.org/download/mister-manuals/1979_Mattel%20Intellivision.zip/1979_Mattel%20Intellivision%2FLearning%20Fun%20II%20-%20Word%20Wizard%20Memory%20Fun.pdf,2223702,44c47cfeeb3511b48a1996258ecdf79e,,,Learning Fun II - Word Wizard Memory Fun.pdf
docs/Intellivision/Manuals/Lock 'n' Chase.pdf,https://archive.org/download/mister-manuals/1979_Mattel%20Intellivision.zip/1979_Mattel%20Intellivision%2FLock%20_n_%20Chase.pdf,805835,68a00ffb75ac715d1398fbfab03733c7,,,Lock _n_ Chase.pdf
docs/Intellivision/Manuals/Loco-Motion.pdf,https://archive.org/download/mister-manuals/1979_Mattel%20Intellivision.zip/1979_Mattel%20Intellivision%2FLoco-Motion.pdf,1619563,7bde90637ec90f10b9c14b4a03fbcca7,,,Loco-Motion.pdf
docs/Intellivision/Manuals/Magic Carousel.pdf,https://archive.org/download/mister-manuals/1979_Mattel%20Intellivision.zip/1979_Mattel%20Intellivision%2FMagic%20Carousel.pdf,40768,350a73e4c8c96ac86e2f64054ffd4535,,,Magic Carousel.pdf
docs/Intellivision/Manuals/Major League Baseball.pdf,https://archive.org/download/mister-manuals/1979_Mattel%20Intellivision.zip/1979_Mattel%20Intellivision%2FMajor%20League%20Baseball.pdf,1411228,1cd396e9640a2b2b70c0e854c59aa4c3,,,Major League Baseball.pdf
docs/Intellivision/Manuals/Masters of the Universe - The Power of He-Man.pdf,https://archive.org/download/mister-manuals/1979_Mattel%20Intellivision.zip/1979_Mattel%20Intellivision%2FMasters%20of%20the%20Universe%20-%20The%20Power%20of%20He-Man.pdf,1209141,36c46122d50ae2702dd6a25a6d98d138,,,Masters of the Universe - The Power of He-Man.pdf
docs/Intellivision/Manuals/Melody Blaster.pdf,https://archive.org/download/mister-manuals/1979_Mattel%20Intellivision.zip/1979_Mattel%20Intellivision%2FMelody%20Blaster.pdf,3798324,ca847df62bf9d592e4c8a265724856f9,,,Melody Blaster.pdf
docs/Intellivision/Manuals/Meteor.pdf,https://archive.org/download/mister-manuals/1979_Mattel%20Intellivision.zip/1979_Mattel%20Intellivision%2FMeteor.pdf,55990,46999f7289484b64a7984f72bc2b1919,,,Meteor.pdf
docs/Intellivision/Manuals/Microsurgeon.pdf,https://archive.org/download/mister-manuals/1979_Mattel%20Intellivision.zip/1979_Mattel%20Intellivision%2FMicrosurgeon.pdf,3670340,1f771a703ba3b176d8e80a48c48b2dc0,,,Microsurgeon.pdf
docs/Intellivision/Manuals/Mind Strike.pdf,https://archive.org/download/mister-manuals/1979_Mattel%20Intellivision.zip/1979_Mattel%20Intellivision%2FMind%20Strike.pdf,2339042,a502570deeec010ea50a1dc3d7cecad5,,,Mind Strike.pdf
docs/Intellivision/Manuals/Mission-X.pdf,https://archive.org/download/mister-manuals/1979_Mattel%20Intellivision.zip/1979_Mattel%20Intellivision%2FMission-X.pdf,730181,7f50d0347bce9d53e118550f972410e2,,,Mission-X.pdf
docs/Intellivision/Manuals/Motocross.pdf,https://archive.org/download/mister-manuals/1979_Mattel%20Intellivision.zip/1979_Mattel%20Intellivision%2FMotocross.pdf,860325,58861d78cf88eeb69470131626ab04fd,,,Motocross.pdf
docs/Intellivision/Manuals/Mountain Madness! Super Pro Skiing.pdf,https://archive.org/download/mister-manuals/1979_Mattel%20Intellivision.zip/1979_Mattel%20Intellivision%2FMountain%20Madness%21%20Super%20Pro%20Skiing.pdf,417924,e65c882b59be48200ea5f04c7dff20d3,,,Mountain Madness! Super Pro Skiing.pdf
docs/Intellivision/Manuals/Mouse Trap.pdf,https://archive.org/download/mister-manuals/1979_Mattel%20Intellivision.zip/1979_Mattel%20Intellivision%2FMouse%20Trap.pdf,1262893,d0c7e0691620d160e8fa7d9ae6bf7ffe,,,Mouse Trap.pdf
docs/Intellivision/Manuals/Mr. BASIC Meets Bits 'n Bytes.pdf,https://archive.org/download/mister-manuals/1979_Mattel%20Intellivision.zip/1979_Mattel%20Intellivision%2FMr.%20BASIC%20Meets%20Bits%20_n%20Bytes.pdf,7173790,1dbf5ffe2c3287bf09aeb07135d28361,,,Mr. BASIC Meets Bits _n Bytes.pdf
docs/Intellivision/Manuals/NASL Soccer.pdf,https://archive.org/download/mister-manuals/1979_Mattel%20Intellivision.zip/1979_Mattel%20Intellivision%2FNASL%20Soccer.pdf,2420572,818141a68fc0ff590c23c0c097462e6a,,,NASL Soccer.pdf
docs/Intellivision/Manuals/NBA Basketball.pdf,https://archive.org/download/mister-manuals/1979_Mattel%20Intellivision.zip/1979_Mattel%20Intellivision%2FNBA%20Basketball.pdf,1960523,9e182bef8d718b99767ea010c3a2dd7e,,,NBA Basketball.pdf
docs/Intellivision/Manuals/NFL Football.pdf,https://archive.org/download/mister-manuals/1979_Mattel%20Intellivision.zip/1979_Mattel%20Intellivision%2FNFL%20Football.pdf,3066864,d0b599f108d25bc249721141a22b98e6,,,NFL Football.pdf
docs/Intellivision/Manuals/NHL Hockey.pdf,https://archive.org/download/mister-manuals/1979_Mattel%20Intellivision.zip/1979_Mattel%20Intellivision%2FNHL%20Hockey.pdf,2307674,83de9d527f4766df17f06734b8be6403,,,NHL Hockey.pdf
docs/Intellivision/Manuals/Night Stalker.pdf,https://archive.org/download/mister-manuals/1979_Mattel%20Intellivision.zip/1979_Mattel%20Intellivision%2FNight%20Stalker.pdf,828708,90c42196ffe828a0ab8b6f00709688d4,,,Night Stalker.pdf
docs/Intellivision/Manuals/Nova Blast.pdf,https://archive.org/download/mister-manuals/1979_Mattel%20Intellivision.zip/1979_Mattel%20Intellivision%2FNova%20Blast.pdf,1290310,48d7fc621acd07f1d070bcbffdcfb342,,,Nova Blast.pdf
docs/Intellivision/Manuals/Number Jumble.pdf,https://archive.org/download/mister-manuals/1979_Mattel%20Intellivision.zip/1979_Mattel%20Intellivision%2FNumber%20Jumble.pdf,50496,96654defa3e23a1b0fa011ff56c4fdaf,,,Number Jumble.pdf
docs/Intellivision/Manuals/PBA Bowling.pdf,https://archive.org/download/mister-manuals/1979_Mattel%20Intellivision.zip/1979_Mattel%20Intellivision%2FPBA%20Bowling.pdf,2354961,a9e14e7103e46e01dc4896f60fd6568b,,,PBA Bowling.pdf
docs/Intellivision/Manuals/PGA Golf.pdf,https://archive.org/download/mister-manuals/1979_Mattel%20Intellivision.zip/1979_Mattel%20Intellivision%2FPGA%20Golf.pdf,3262971,5b306735a73b8d2b0b5ebab08d1b2841,,,PGA Golf.pdf
docs/Intellivision/Manuals/Pac-Man.pdf,https://archive.org/download/mister-manuals/1979_Mattel%20Intellivision.zip/1979_Mattel%20Intellivision%2FPac-Man.pdf,972290,36b462a17c7d32ee5228933bf435419c,,,Pac-Man.pdf
docs/Intellivision/Manuals/Party Line - Blow Out.pdf,https://archive.org/download/mister-manuals/1979_Mattel%20Intellivision.zip/1979_Mattel%20Intellivision%2FParty%20Line%20-%20Blow%20Out.pdf,43394,67af33fd4080a19853cafca8e23b8891,,,Party Line - Blow Out.pdf
docs/Intellivision/Manuals/Party Line - Hard Hat.pdf,https://archive.org/download/mister-manuals/1979_Mattel%20Intellivision.zip/1979_Mattel%20Intellivision%2FParty%20Line%20-%20Hard%20Hat.pdf,6868,87cbcafa774d48ad5be42ea96b1784a4,,,Party Line - Hard Hat.pdf
docs/Intellivision/Manuals/Party Line - Space Cadet.pdf,https://archive.org/download/mister-manuals/1979_Mattel%20Intellivision.zip/1979_Mattel%20Intellivision%2FParty%20Line%20-%20Space%20Cadet.pdf,6700,04840a7c2c25cb7c7ccfd5f169423658,,,Party Line - Space Cadet.pdf
docs/Intellivision/Manuals/Pinball.pdf,https://archive.org/download/mister-manuals/1979_Mattel%20Intellivision.zip/1979_Mattel%20Intellivision%2FPinball.pdf,987493,53b06326c87470dcd452f9c5e0b81a6f,,,Pinball.pdf
docs/Intellivision/Manuals/Pitfall!.pdf,https://archive.org/download/mister-manuals/1979_Mattel%20Intellivision.zip/1979_Mattel%20Intellivision%2FPitfall%21.pdf,850495,d84f3a8a081692c0088ba5b24b322c08,,,Pitfall!.pdf
docs/Intellivision/Manuals/Pole Position.pdf,https://archive.org/download/mister-manuals/1979_Mattel%20Intellivision.zip/1979_Mattel%20Intellivision%2FPole%20Position.pdf,601628,e591eca8b76cb2bba96d581b57124531,,,Pole Position.pdf
docs/Intellivision/Manuals/Popeye.pdf,https://archive.org/download/mister-manuals/1979_Mattel%20Intellivision.zip/1979_Mattel%20Intellivision%2FPopeye.pdf,1199388,ef63c19bf33d02596d4dcd0ce08f73e9,,,Popeye.pdf
docs/Intellivision/Manuals/Q'bert.pdf,https://archive.org/download/mister-manuals/1979_Mattel%20Intellivision.zip/1979_Mattel%20Intellivision%2FQ_bert.pdf,790293,79c660768b8eaa383185bedee1429136,,,Q_bert.pdf
docs/Intellivision/Manuals/Reversi.pdf,https://archive.org/download/mister-manuals/1979_Mattel%20Intellivision.zip/1979_Mattel%20Intellivision%2FReversi.pdf,709909,355cbaec6b6b350431d4363ad94f0078,,,Reversi.pdf
docs/Intellivision/Manuals/River Raid.pdf,https://archive.org/download/mister-manuals/1979_Mattel%20Intellivision.zip/1979_Mattel%20Intellivision%2FRiver%20Raid.pdf,1003636,b02aa3f47eeca9515014f9e5b2df3ac6,,,River Raid.pdf
docs/Intellivision/Manuals/Robot Rubble (V3).pdf,https://archive.org/download/mister-manuals/1979_Mattel%20Intellivision.zip/1979_Mattel%20Intellivision%2FRobot%20Rubble%20%28V3%29.pdf,56210,472f73f9bc25f5e0a19b5774acb3298e,,,Robot Rubble (V3).pdf
docs/Intellivision/Manuals/Rocky & Bullwinkle.pdf,https://archive.org/download/mister-manuals/1979_Mattel%20Intellivision.zip/1979_Mattel%20Intellivision%2FRocky%20%26%20Bullwinkle.pdf,43772,969e2bc3b4ef4c6b0ebe1598b16c98b7,,,Rocky & Bullwinkle.pdf
docs/Intellivision/Manuals/Royal Dealer.pdf,https://archive.org/download/mister-manuals/1979_Mattel%20Intellivision.zip/1979_Mattel%20Intellivision%2FRoyal%20Dealer.pdf,2782088,129f548d40a5280927ed0e6b68adf21e,,,Royal Dealer.pdf
docs/Intellivision/Manuals/Safecracker.pdf,https://archive.org/download/mister-manuals/1979_Mattel%20Intellivision.zip/1979_Mattel%20Intellivision%2FSafecracker.pdf,2173195,d7980fe7204f962af402db84ae406149,,,Safecracker.pdf
docs/Intellivision/Manuals/Scarfinger.pdf,https://archive.org/download/mister-manuals/1979_Mattel%20Intellivision.zip/1979_Mattel%20Intellivision%2FScarfinger.pdf,44845,85d1bdc1a069525d3c239c87f6cbb8c3,,,Scarfinger.pdf
docs/Intellivision/Manuals/Scooby Doo's Maze Chase.pdf,https://archive.org/download/mister-manuals/1979_Mattel%20Intellivision.zip/1979_Mattel%20Intellivision%2FScooby%20Doo_s%20Maze%20Chase.pdf,945543,fe77df2d5ce6260af32da8f97b6c1187,,,Scooby Doo_s Maze Chase.pdf
docs/Intellivision/Manuals/Sea Battle.pdf,https://archive.org/download/mister-manuals/1979_Mattel%20Intellivision.zip/1979_Mattel%20Intellivision%2FSea%20Battle.pdf,2483230,18d93399492cbef88ac210638818fa12,,,Sea Battle.pdf
docs/Intellivision/Manuals/Sewer Sam.pdf,https://archive.org/download/mister-manuals/1979_Mattel%20Intellivision.zip/1979_Mattel%20Intellivision%2FSewer%20Sam.pdf,1126889,173557b47dec165a8c3fad698811e558,,,Sewer Sam.pdf
docs/Intellivision/Manuals/Shark! Shark!.pdf,https://archive.org/download/mister-manuals/1979_Mattel%20Intellivision.zip/1979_Mattel%20Intellivision%2FShark%21%20Shark%21.pdf,1217221,37e43c8244c18dcbe4e321bb7dd23012,,,Shark! Shark!.pdf
docs/Intellivision/Manuals/Sharp Shot.pdf,https://archive.org/download/mister-manuals/1979_Mattel%20Intellivision.zip/1979_Mattel%20Intellivision%2FSharp%20Shot.pdf,810966,8fc60a4bd667d542e8076e430e569a20,,,Sharp Shot.pdf
docs/Intellivision/Manuals/Slam Dunk! Super Pro Basketball.pdf,https://archive.org/download/mister-manuals/1979_Mattel%20Intellivision.zip/1979_Mattel%20Intellivision%2FSlam%20Dunk%21%20Super%20Pro%20Basketball.pdf,300035,ce340d78b7a59a11ffece9264d389313,,,Slam Dunk! Super Pro Basketball.pdf
docs/Intellivision/Manuals/Slap Shot! Super Pro Hockey.pdf,https://archive.org/download/mister-manuals/1979_Mattel%20Intellivision.zip/1979_Mattel%20Intellivision%2FSlap%20Shot%21%20Super%20Pro%20Hockey.pdf,191645,74894e40aa148cfdfefd8098f489384c,,,Slap Shot! Super Pro Hockey.pdf
docs/Intellivision/Manuals/Snafu.pdf,https://archive.org/download/mister-manuals/1979_Mattel%20Intellivision.zip/1979_Mattel%20Intellivision%2FSnafu.pdf,1481578,a8bf5db00d7292c41e1826b3834b0df7,,,Snafu.pdf
docs/Intellivision/Manuals/Space Armada.pdf,https://archive.org/download/mister-manuals/1979_Mattel%20Intellivision.zip/1979_Mattel%20Intellivision%2FSpace%20Armada.pdf,1005440,88917f44f5e8839aab70716f883c9e7d,,,Space Armada.pdf
docs/Intellivision/Manuals/Space Battle.pdf,https://archive.org/download/mister-manuals/1979_Mattel%20Intellivision.zip/1979_Mattel%20Intellivision%2FSpace%20Battle.pdf,1900854,22a9e03935c849ed719d218305521f6e,,,Space Battle.pdf
docs/Intellivision/Manuals/Space Hawk.pdf,https://archive.org/download/mister-manuals/1979_Mattel%20Intellivision.zip/1979_Mattel%20Intellivision%2FSpace%20Hawk.pdf,1318706,4b76a742f8591a12bdecc6f0707fa637,,,Space Hawk.pdf
docs/Intellivision/Manuals/Space Spartans.pdf,https://archive.org/download/mister-manuals/1979_Mattel%20Intellivision.zip/1979_Mattel%20Intellivision%2FSpace%20Spartans.pdf,2910176,d399df3bffa21af813af00beb5385016,,,Space Spartans.pdf
docs/Intellivision/Manuals/Spiker! Super Pro Volleyball.pdf,https://archive.org/download/mister-manuals/1979_Mattel%20Intellivision.zip/1979_Mattel%20Intellivision%2FSpiker%21%20Super%20Pro%20Volleyball.pdf,725876,1333723dafd19c1044cfdf55ced9a6c7,,,Spiker! Super Pro Volleyball.pdf
docs/Intellivision/Manuals/Stadium Mud Buggies.pdf,https://archive.org/download/mister-manuals/1979_Mattel%20Intellivision.zip/1979_Mattel%20Intellivision%2FStadium%20Mud%20Buggies.pdf,242546,001e121b17e96563495a48b26885b069,,,Stadium Mud Buggies.pdf
docs/Intellivision/Manuals/Stampede.pdf,https://archive.org/download/mister-manuals/1979_Mattel%20Intellivision.zip/1979_Mattel%20Intellivision%2FStampede.pdf,996909,cfe32966c8f7291997ce232ce78b5b5e,,,Stampede.pdf
docs/Intellivision/Manuals/Star Strike.pdf,https://archive.org/download/mister-manuals/1979_Mattel%20Intellivision.zip/1979_Mattel%20Intellivision%2FStar%20Strike.pdf,752818,bb1eefbc8ca135ec9170cf88208019e6,,,Star Strike.pdf
docs/Intellivision/Manuals/Star Wars - The Empire Strikes Back.pdf,https://archive.org/download/mister-manuals/1979_Mattel%20Intellivision.zip/1979_Mattel%20Intellivision%2FStar%20Wars%20-%20The%20Empire%20Strikes%20Back.pdf,780869,adf0b9e7a87bd113c54264015e6b2345,,,Star Wars - The Empire Strikes Back.pdf
docs/Intellivision/Manuals/Sub Hunt.pdf,https://archive.org/download/mister-manuals/1979_Mattel%20Intellivision.zip/1979_Mattel%20Intellivision%2FSub%20Hunt.pdf,1796522,7c8a84a2e30aa3976a79a2688377768c,,,Sub Hunt.pdf
docs/Intellivision/Manuals/Super Cobra.pdf,https://archive.org/download/mister-manuals/1979_Mattel%20Intellivision.zip/1979_Mattel%20Intellivision%2FSuper%20Cobra.pdf,698498,743005019f8b5188836865d8fdd47dab,,,Super Cobra.pdf
docs/Intellivision/Manuals/Super NFL Football.pdf,https://archive.org/download/mister-manuals/1979_Mattel%20Intellivision.zip/1979_Mattel%20Intellivision%2FSuper%20NFL%20Football.pdf,42565,02ec0982cf7d7270acdf796cf21eccdc,,,Super NFL Football.pdf
docs/Intellivision/Manuals/Super Pro Decathlon.pdf,https://archive.org/download/mister-manuals/1979_Mattel%20Intellivision.zip/1979_Mattel%20Intellivision%2FSuper%20Pro%20Decathlon.pdf,214300,bcbc698e2f78755c439b107bcfde1bd6,,,Super Pro Decathlon.pdf
docs/Intellivision/Manuals/Super Pro Football.pdf,https://archive.org/download/mister-manuals/1979_Mattel%20Intellivision.zip/1979_Mattel%20Intellivision%2FSuper%20Pro%20Football.pdf,331377,60b7910b6bdfbeee9d0b74c8e796ab8c,,,Super Pro Football.pdf
docs/Intellivision/Manuals/Swords & Serpents.pdf,https://archive.org/download/mister-manuals/1979_Mattel%20Intellivision.zip/1979_Mattel%20Intellivision%2FSwords%20%26%20Serpents.pdf,4733636,54a711f8d4c482b006ef2c2b1586efce,,,Swords & Serpents.pdf
docs/Intellivision/Manuals/Takeover.pdf,https://archive.org/download/mister-manuals/1979_Mattel%20Intellivision.zip/1979_Mattel%20Intellivision%2FTakeover.pdf,56955,4c58b8b9ba6c272facb90c86eb55e833,,,Takeover.pdf
docs/Intellivision/Manuals/Tennis.pdf,https://archive.org/download/mister-manuals/1979_Mattel%20Intellivision.zip/1979_Mattel%20Intellivision%2FTennis.pdf,3428222,7a26a14983ac5762b02e4201ad3dd48c,,,Tennis.pdf
docs/Intellivision/Manuals/Thin Ice.pdf,https://archive.org/download/mister-manuals/1979_Mattel%20Intellivision.zip/1979_Mattel%20Intellivision%2FThin%20Ice.pdf,929836,c75c97ba6a6f03820e64d248785390b3,,,Thin Ice.pdf
docs/Intellivision/Manuals/Thunder Castle.pdf,https://archive.org/download/mister-manuals/1979_Mattel%20Intellivision.zip/1979_Mattel%20Intellivision%2FThunder%20Castle.pdf,281635,93d517a04774c4679860a79450e92295,,,Thunder Castle.pdf
docs/Intellivision/Manuals/Tower of Doom.pdf,https://archive.org/download/mister-manuals/1979_Mattel%20Intellivision.zip/1979_Mattel%20Intellivision%2FTower%20of%20Doom.pdf,1672683,18e665f462ebf6daaff4c83e15d81b76,,,Tower of Doom.pdf
docs/Intellivision/Manuals/Triple Action.pdf,https://archive.org/download/mister-manuals/1979_Mattel%20Intellivision.zip/1979_Mattel%20Intellivision%2FTriple%20Action.pdf,1255617,2987f6525361d2baae85e2d1fb901143,,,Triple Action.pdf
docs/Intellivision/Manuals/Tron - Deadly Discs.pdf,https://archive.org/download/mister-manuals/1979_Mattel%20Intellivision.zip/1979_Mattel%20Intellivision%2FTron%20-%20Deadly%20Discs.pdf,1062216,f73d918549ba12095b29b54e8097658e,,,Tron - Deadly Discs.pdf
docs/Intellivision/Manuals/Tron - Maze-A-Tron.pdf,https://archive.org/download/mister-manuals/1979_Mattel%20Intellivision.zip/1979_Mattel%20Intellivision%2FTron%20-%20Maze-A-Tron.pdf,2977289,6c6a80486628f1598070193c5f760060,,,Tron - Maze-A-Tron.pdf
docs/Intellivision/Manuals/Tron - Solar Sailer.pdf,https://archive.org/download/mister-manuals/1979_Mattel%20Intellivision.zip/1979_Mattel%20Intellivision%2FTron%20-%20Solar%20Sailer.pdf,2937543,91716c65e8b1728edf19e05f05fc5179,,,Tron - Solar Sailer.pdf
docs/Intellivision/Manuals/Tropical Trouble.pdf,https://archive.org/download/mister-manuals/1979_Mattel%20Intellivision.zip/1979_Mattel%20Intellivision%2FTropical%20Trouble.pdf,1307755,4e68d06615fed173f632eeccaf6d353c,,,Tropical Trouble.pdf
docs/Intellivision/Manuals/Truckin'.pdf,https://archive.org/download/mister-manuals/1979_Mattel%20Intellivision.zip/1979_Mattel%20Intellivision%2FTruckin_.pdf,4379449,86238af12073539077e1689de44c69c9,,,Truckin_.pdf
docs/Intellivision/Manuals/Turbo.pdf,https://archive.org/download/mister-manuals/1979_Mattel%20Intellivision.zip/1979_Mattel%20Intellivision%2FTurbo.pdf,1274093,c5dd41f8dcc3f8c0d62dfc257b1042a9,,,Turbo.pdf
docs/Intellivision/Manuals/Tutankham.pdf,https://archive.org/download/mister-manuals/1979_Mattel%20Intellivision.zip/1979_Mattel%20Intellivision%2FTutankham.pdf,784379,4ef4381eab6838ec9cf195c7a63d7382,,,Tutankham.pdf
docs/Intellivision/Manuals/U.S. Ski Team Skiing.pdf,https://archive.org/download/mister-manuals/1979_Mattel%20Intellivision.zip/1979_Mattel%20Intellivision%2FU.S.%20Ski%20Team%20Skiing.pdf,1619334,0d33041484331707934a7b990adcf166,,,U.S. Ski Team Skiing.pdf
docs/Intellivision/Manuals/USCF Chess.pdf,https://archive.org/download/mister-manuals/1979_Mattel%20Intellivision.zip/1979_Mattel%20Intellivision%2FUSCF%20Chess.pdf,1352559,afab6166bdcdd2ae832ca9807ffb9b36,,,USCF Chess.pdf
docs/Intellivision/Manuals/Utopia.pdf,https://archive.org/download/mister-manuals/1979_Mattel%20Intellivision.zip/1979_Mattel%20Intellivision%2FUtopia.pdf,1355706,4cac1f82b7c724a8d4095ed2cf1f88e7,,,Utopia.pdf
docs/Intellivision/Manuals/Vectron.pdf,https://archive.org/download/mister-manuals/1979_Mattel%20Intellivision.zip/1979_Mattel%20Intellivision%2FVectron.pdf,2108563,b4f65a0505839f2ec0caf6c2bbac761c,,,Vectron.pdf
docs/Intellivision/Manuals/Venture.pdf,https://archive.org/download/mister-manuals/1979_Mattel%20Intellivision.zip/1979_Mattel%20Intellivision%2FVenture.pdf,891792,762c8a3eaf8d7dd4ab64d5f13fde6ed6,,,Venture.pdf
docs/Intellivision/Manuals/White Water!.pdf,https://archive.org/download/mister-manuals/1979_Mattel%20Intellivision.zip/1979_Mattel%20Intellivision%2FWhite%20Water%21.pdf,2087313,04c445cc7b3caadb6ffccd622fb6874c,,,White Water!.pdf
docs/Intellivision/Manuals/World Championship Baseball.pdf,https://archive.org/download/mister-manuals/1979_Mattel%20Intellivision.zip/1979_Mattel%20Intellivision%2FWorld%20Championship%20Baseball.pdf,1958791,274be52d098973b98b7beda8c78d5c65,,,World Championship Baseball.pdf
docs/Intellivision/Manuals/World Cup Soccer.pdf,https://archive.org/download/mister-manuals/1979_Mattel%20Intellivision.zip/1979_Mattel%20Intellivision%2FWorld%20Cup%20Soccer.pdf,46941,800f6deb53fc929eef3fac7e0ff11d94,,,World Cup Soccer.pdf
docs/Intellivision/Manuals/World Series Major League Baseball.pdf,https://archive.org/download/mister-manuals/1979_Mattel%20Intellivision.zip/1979_Mattel%20Intellivision%2FWorld%20Series%20Major%20League%20Baseball.pdf,3688982,4a92c4e136e0af281a15a784aab6543e,,,World Series Major League Baseball.pdf
docs/Intellivision/Manuals/Worm Whomper.pdf,https://archive.org/download/mister-manuals/1979_Mattel%20Intellivision.zip/1979_Mattel%20Intellivision%2FWorm%20Whomper.pdf,956893,bbd19804ca649e0d970a0114b4f69d40,,,Worm Whomper.pdf
docs/Intellivision/Manuals/Yogi's Frustration.pdf,https://archive.org/download/mister-manuals/1979_Mattel%20Intellivision.zip/1979_Mattel%20Intellivision%2FYogi_s%20Frustration.pdf,39127,9514978235708c242f08d2746677940b,,,Yogi_s Frustration.pdf
docs/Intellivision/Manuals/ZZZZ! - Spina the Bee.pdf,https://archive.org/download/mister-manuals/1979_Mattel%20Intellivision.zip/1979_Mattel%20Intellivision%2FZZZZ%21%20-%20Spina%20the%20Bee.pdf,34495,c2771663af38da868c9efb2000e35061,,,ZZZZ! - Spina the Bee.pdf
docs/Intellivision/Manuals/Zaxxon.pdf,https://archive.org/download/mister-manuals/1979_Mattel%20Intellivision.zip/1979_Mattel%20Intellivision%2FZaxxon.pdf,1118557,8d6e40b591831fca68eeb3074b51ada8,,,Zaxxon.pdf
